job_title,job_description,company,location,skills,skills_count
sunt aut facere repellat provident occaecati excepturi optio reprehenderit,ETL developer with Airflow and data pipeline experience,ABC Company,jaipur,"airflow, etl, data pipeline",3
qui est esse,ETL developer with Airflow and data pipeline experience,ABC Company,jaipur,"airflow, etl, data pipeline",3
ea molestias quasi exercitationem repellat qui ipsa sit aut,Looking for Python and SQL developer with AWS experience,ABC Company,jaipur,"python, sql, aws",3
eum et est occaecati,Cloud engineer with AWS and SQL skills,ABC Company,jaipur,"sql, aws",2
nesciunt quas odio,Looking for Python and SQL developer with AWS experience,ABC Company,jaipur,"python, sql, aws",3
dolorem eum magni eos aperiam quia,Data Engineer needed with Spark and Hadoop knowledge,ABC Company,jaipur,"spark, hadoop",2
magnam facilis autem,Cloud engineer with AWS and SQL skills,ABC Company,jaipur,"sql, aws",2
dolorem dolore est ipsam,"Seeking backend developer with Python, Docker, Kubernetes",ABC Company,jaipur,"python, docker, kubernetes",3
nesciunt iure omnis dolorem tempora et accusantium,Cloud engineer with AWS and SQL skills,ABC Company,jaipur,"sql, aws",2
optio molestias id quia eum,ETL developer with Airflow and data pipeline experience,ABC Company,jaipur,"airflow, etl, data pipeline",3
et ea vero quia laudantium autem,Cloud engineer with AWS and SQL skills,ABC Company,jaipur,"sql, aws",2
in quibusdam tempore odit est dolorem,Looking for Python and SQL developer with AWS experience,ABC Company,jaipur,"python, sql, aws",3
dolorum ut in voluptas mollitia et saepe quo animi,Looking for Python and SQL developer with AWS experience,ABC Company,jaipur,"python, sql, aws",3
voluptatem eligendi optio,Looking for Python and SQL developer with AWS experience,ABC Company,jaipur,"python, sql, aws",3
eveniet quod temporibus,"Seeking backend developer with Python, Docker, Kubernetes",ABC Company,jaipur,"python, docker, kubernetes",3
sint suscipit perspiciatis velit dolorum rerum ipsa laboriosam odio,"Seeking backend developer with Python, Docker, Kubernetes",ABC Company,jaipur,"python, docker, kubernetes",3
fugit voluptas sed molestias voluptatem provident,Looking for Python and SQL developer with AWS experience,ABC Company,jaipur,"python, sql, aws",3
voluptate et itaque vero tempora molestiae,Looking for Python and SQL developer with AWS experience,ABC Company,jaipur,"python, sql, aws",3
adipisci placeat illum aut reiciendis qui,"Seeking backend developer with Python, Docker, Kubernetes",ABC Company,jaipur,"python, docker, kubernetes",3
doloribus ad provident suscipit at,Cloud engineer with AWS and SQL skills,ABC Company,jaipur,"sql, aws",2
asperiores ea ipsam voluptatibus modi minima quia sint,ETL developer with Airflow and data pipeline experience,ABC Company,jaipur,"airflow, etl, data pipeline",3
dolor sint quo a velit explicabo quia nam,ETL developer with Airflow and data pipeline experience,ABC Company,jaipur,"airflow, etl, data pipeline",3
maxime id vitae nihil numquam,"Seeking backend developer with Python, Docker, Kubernetes",ABC Company,jaipur,"python, docker, kubernetes",3
autem hic labore sunt dolores incidunt,"Seeking backend developer with Python, Docker, Kubernetes",ABC Company,jaipur,"python, docker, kubernetes",3
rem alias distinctio quo quis,ETL developer with Airflow and data pipeline experience,ABC Company,jaipur,"airflow, etl, data pipeline",3
est et quae odit qui non,Looking for Python and SQL developer with AWS experience,ABC Company,jaipur,"python, sql, aws",3
quasi id et eos tenetur aut quo autem,Data Engineer needed with Spark and Hadoop knowledge,ABC Company,jaipur,"spark, hadoop",2
delectus ullam et corporis nulla voluptas sequi,Data Engineer needed with Spark and Hadoop knowledge,ABC Company,jaipur,"spark, hadoop",2
iusto eius quod necessitatibus culpa ea,Data Engineer needed with Spark and Hadoop knowledge,ABC Company,jaipur,"spark, hadoop",2
a quo magni similique perferendis,Looking for Python and SQL developer with AWS experience,ABC Company,jaipur,"python, sql, aws",3
ullam ut quidem id aut vel consequuntur,ETL developer with Airflow and data pipeline experience,ABC Company,jaipur,"airflow, etl, data pipeline",3
doloremque illum aliquid sunt,Cloud engineer with AWS and SQL skills,ABC Company,jaipur,"sql, aws",2
qui explicabo molestiae dolorem,ETL developer with Airflow and data pipeline experience,ABC Company,jaipur,"airflow, etl, data pipeline",3
magnam ut rerum iure,Data Engineer needed with Spark and Hadoop knowledge,ABC Company,jaipur,"spark, hadoop",2
id nihil consequatur molestias animi provident,"Seeking backend developer with Python, Docker, Kubernetes",ABC Company,jaipur,"python, docker, kubernetes",3
fuga nam accusamus voluptas reiciendis itaque,Cloud engineer with AWS and SQL skills,ABC Company,jaipur,"sql, aws",2
provident vel ut sit ratione est,"Seeking backend developer with Python, Docker, Kubernetes",ABC Company,jaipur,"python, docker, kubernetes",3
explicabo et eos deleniti nostrum ab id repellendus,Looking for Python and SQL developer with AWS experience,ABC Company,jaipur,"python, sql, aws",3
eos dolorem iste accusantium est eaque quam,Data Engineer needed with Spark and Hadoop knowledge,ABC Company,jaipur,"spark, hadoop",2
enim quo cumque,"Seeking backend developer with Python, Docker, Kubernetes",ABC Company,jaipur,"python, docker, kubernetes",3
non est facere,Looking for Python and SQL developer with AWS experience,ABC Company,jaipur,"python, sql, aws",3
commodi ullam sint et excepturi error explicabo praesentium voluptas,ETL developer with Airflow and data pipeline experience,ABC Company,jaipur,"airflow, etl, data pipeline",3
eligendi iste nostrum consequuntur adipisci praesentium sit beatae perferendis,Looking for Python and SQL developer with AWS experience,ABC Company,jaipur,"python, sql, aws",3
optio dolor molestias sit,Data Engineer needed with Spark and Hadoop knowledge,ABC Company,jaipur,"spark, hadoop",2
ut numquam possimus omnis eius suscipit laudantium iure,"Seeking backend developer with Python, Docker, Kubernetes",ABC Company,jaipur,"python, docker, kubernetes",3
aut quo modi neque nostrum ducimus,ETL developer with Airflow and data pipeline experience,ABC Company,jaipur,"airflow, etl, data pipeline",3
quibusdam cumque rem aut deserunt,Looking for Python and SQL developer with AWS experience,ABC Company,jaipur,"python, sql, aws",3
ut voluptatem illum ea doloribus itaque eos,Data Engineer needed with Spark and Hadoop knowledge,ABC Company,jaipur,"spark, hadoop",2
laborum non sunt aut ut assumenda perspiciatis voluptas,Data Engineer needed with Spark and Hadoop knowledge,ABC Company,jaipur,"spark, hadoop",2
repellendus qui recusandae incidunt voluptates tenetur qui omnis exercitationem,Data Engineer needed with Spark and Hadoop knowledge,ABC Company,jaipur,"spark, hadoop",2
soluta aliquam aperiam consequatur illo quis voluptas,"Seeking backend developer with Python, Docker, Kubernetes",ABC Company,jaipur,"python, docker, kubernetes",3
qui enim et consequuntur quia animi quis voluptate quibusdam,Looking for Python and SQL developer with AWS experience,ABC Company,jaipur,"python, sql, aws",3
ut quo aut ducimus alias,ETL developer with Airflow and data pipeline experience,ABC Company,jaipur,"airflow, etl, data pipeline",3
sit asperiores ipsam eveniet odio non quia,Cloud engineer with AWS and SQL skills,ABC Company,jaipur,"sql, aws",2
sit vel voluptatem et non libero,ETL developer with Airflow and data pipeline experience,ABC Company,jaipur,"airflow, etl, data pipeline",3
qui et at rerum necessitatibus,ETL developer with Airflow and data pipeline experience,ABC Company,jaipur,"airflow, etl, data pipeline",3
sed ab est est,Data Engineer needed with Spark and Hadoop knowledge,ABC Company,jaipur,"spark, hadoop",2
voluptatum itaque dolores nisi et quasi,ETL developer with Airflow and data pipeline experience,ABC Company,jaipur,"airflow, etl, data pipeline",3
qui commodi dolor at maiores et quis id accusantium,Looking for Python and SQL developer with AWS experience,ABC Company,jaipur,"python, sql, aws",3
consequatur placeat omnis quisquam quia reprehenderit fugit veritatis facere,Data Engineer needed with Spark and Hadoop knowledge,ABC Company,jaipur,"spark, hadoop",2
voluptatem doloribus consectetur est ut ducimus,Data Engineer needed with Spark and Hadoop knowledge,ABC Company,jaipur,"spark, hadoop",2
beatae enim quia vel,Looking for Python and SQL developer with AWS experience,ABC Company,jaipur,"python, sql, aws",3
voluptas blanditiis repellendus animi ducimus error sapiente et suscipit,Data Engineer needed with Spark and Hadoop knowledge,ABC Company,jaipur,"spark, hadoop",2
et fugit quas eum in in aperiam quod,ETL developer with Airflow and data pipeline experience,ABC Company,jaipur,"airflow, etl, data pipeline",3
consequatur id enim sunt et et,Looking for Python and SQL developer with AWS experience,ABC Company,jaipur,"python, sql, aws",3
repudiandae ea animi iusto,"Seeking backend developer with Python, Docker, Kubernetes",ABC Company,jaipur,"python, docker, kubernetes",3
aliquid eos sed fuga est maxime repellendus,Data Engineer needed with Spark and Hadoop knowledge,ABC Company,jaipur,"spark, hadoop",2
odio quis facere architecto reiciendis optio,Cloud engineer with AWS and SQL skills,ABC Company,jaipur,"sql, aws",2
fugiat quod pariatur odit minima,Looking for Python and SQL developer with AWS experience,ABC Company,jaipur,"python, sql, aws",3
voluptatem laborum magni,Looking for Python and SQL developer with AWS experience,ABC Company,jaipur,"python, sql, aws",3
et iusto veniam et illum aut fuga,"Seeking backend developer with Python, Docker, Kubernetes",ABC Company,jaipur,"python, docker, kubernetes",3
sint hic doloribus consequatur eos non id,ETL developer with Airflow and data pipeline experience,ABC Company,jaipur,"airflow, etl, data pipeline",3
consequuntur deleniti eos quia temporibus ab aliquid at,Looking for Python and SQL developer with AWS experience,ABC Company,jaipur,"python, sql, aws",3
enim unde ratione doloribus quas enim ut sit sapiente,Looking for Python and SQL developer with AWS experience,ABC Company,jaipur,"python, sql, aws",3
dignissimos eum dolor ut enim et delectus in,Cloud engineer with AWS and SQL skills,ABC Company,jaipur,"sql, aws",2
doloremque officiis ad et non perferendis,"Seeking backend developer with Python, Docker, Kubernetes",ABC Company,jaipur,"python, docker, kubernetes",3
necessitatibus quasi exercitationem odio,Looking for Python and SQL developer with AWS experience,ABC Company,jaipur,"python, sql, aws",3
quam voluptatibus rerum veritatis,ETL developer with Airflow and data pipeline experience,ABC Company,jaipur,"airflow, etl, data pipeline",3
pariatur consequatur quia magnam autem omnis non amet,ETL developer with Airflow and data pipeline experience,ABC Company,jaipur,"airflow, etl, data pipeline",3
labore in ex et explicabo corporis aut quas,ETL developer with Airflow and data pipeline experience,ABC Company,jaipur,"airflow, etl, data pipeline",3
tempora rem veritatis voluptas quo dolores vero,Cloud engineer with AWS and SQL skills,ABC Company,jaipur,"sql, aws",2
laudantium voluptate suscipit sunt enim enim,ETL developer with Airflow and data pipeline experience,ABC Company,jaipur,"airflow, etl, data pipeline",3
odit et voluptates doloribus alias odio et,Data Engineer needed with Spark and Hadoop knowledge,ABC Company,jaipur,"spark, hadoop",2
optio ipsam molestias necessitatibus occaecati facilis veritatis dolores aut,Data Engineer needed with Spark and Hadoop knowledge,ABC Company,jaipur,"spark, hadoop",2
dolore veritatis porro provident adipisci blanditiis et sunt,ETL developer with Airflow and data pipeline experience,ABC Company,jaipur,"airflow, etl, data pipeline",3
placeat quia et porro iste,ETL developer with Airflow and data pipeline experience,ABC Company,jaipur,"airflow, etl, data pipeline",3
nostrum quis quasi placeat,"Seeking backend developer with Python, Docker, Kubernetes",ABC Company,jaipur,"python, docker, kubernetes",3
sapiente omnis fugit eos,Looking for Python and SQL developer with AWS experience,ABC Company,jaipur,"python, sql, aws",3
sint soluta et vel magnam aut ut sed qui,Data Engineer needed with Spark and Hadoop knowledge,ABC Company,jaipur,"spark, hadoop",2
ad iusto omnis odit dolor voluptatibus,Looking for Python and SQL developer with AWS experience,ABC Company,jaipur,"python, sql, aws",3
aut amet sed,Cloud engineer with AWS and SQL skills,ABC Company,jaipur,"sql, aws",2
ratione ex tenetur perferendis,ETL developer with Airflow and data pipeline experience,ABC Company,jaipur,"airflow, etl, data pipeline",3
beatae soluta recusandae,Data Engineer needed with Spark and Hadoop knowledge,ABC Company,jaipur,"spark, hadoop",2
qui qui voluptates illo iste minima,"Seeking backend developer with Python, Docker, Kubernetes",ABC Company,jaipur,"python, docker, kubernetes",3
id minus libero illum nam ad officiis,Cloud engineer with AWS and SQL skills,ABC Company,jaipur,"sql, aws",2
quaerat velit veniam amet cupiditate aut numquam ut sequi,Looking for Python and SQL developer with AWS experience,ABC Company,jaipur,"python, sql, aws",3
quas fugiat ut perspiciatis vero provident,Data Engineer needed with Spark and Hadoop knowledge,ABC Company,jaipur,"spark, hadoop",2
laboriosam dolor voluptates,Data Engineer needed with Spark and Hadoop knowledge,ABC Company,jaipur,"spark, hadoop",2
temporibus sit alias delectus eligendi possimus magni,Data Engineer needed with Spark and Hadoop knowledge,ABC Company,jaipur,"spark, hadoop",2
at nam consequatur ea labore ea harum,"Seeking backend developer with Python, Docker, Kubernetes",ABC Company,jaipur,"python, docker, kubernetes",3
